customer_id,churn,predictions,propensity_to_churn(%),ranking
4910-GMJOT,1,1,83.16,1
9091-WTUUY,0,0,3.64,8
6791-YBNAK,0,0,0.97,9
6937-GCDGQ,0,0,12.38,6
3557-HTYWR,0,0,3.28,8
4729-XKASR,1,0,37.03,4
9124-LHCJQ,1,1,86.41,1
9526-BIHHD,1,1,74.08,2
1850-AKQEP,0,0,8.6,7
9067-SQTNS,0,0,4.23,8
6349-JDHQP,0,0,0.68,10
2075-PUEPR,0,0,0.52,10
4350-ZTLPI,0,0,49.52,3
3769-MHZNV,0,0,0.4,10
5542-NKVRU,0,0,2.84,8
0886-QGENL,1,1,81.77,1
9396-ZSFLL,0,0,34.27,4
9481-WHGWY,0,0,0.17,10
4529-CKBCL,1,1,55.6,3
5149-TGWDZ,0,0,34.48,4
0220-EBGCE,1,1,86.84,1
4603-JANFB,1,1,90.34,1
5480-TBGPH,1,1,55.07,3
5913-INRQV,0,0,3.11,8
1097-FSPVW,0,0,14.9,6
8651-ENBZX,1,1,53.32,3
7341-LXCAF,1,0,26.69,5
1215-FIGMP,0,0,46.83,3
4778-IZARL,0,0,1.88,9
4837-PZTIC,0,0,2.03,9
4013-TLDHQ,1,0,48.67,3
0831-JNISG,0,0,0.08,10
6171-ZTVYB,0,0,33.96,4
2430-RRYUW,0,0,10.39,6
5569-OUICF,1,1,82.53,1
1307-ATKGB,0,0,49.43,3
8294-UIMBA,0,0,28.9,5
2155-AMQRX,0,0,25.88,5
1354-YZFNB,0,0,3.12,8
9239-GZHZE,0,0,1.5,9
3230-WYKIR,1,0,21.07,5
8194-PEEBY,0,0,2.5,8
5153-LXKDT,0,0,3.97,8
7088-FBAWU,0,0,3.75,8
2616-UUTFK,0,1,59.53,3
2205-LPVGL,0,0,15.22,6
4546-FOKWR,0,1,57.13,3
9659-QEQSY,0,0,43.69,4
4500-HKANN,0,0,1.47,9
6870-ZWMNX,0,0,3.99,8
4229-CZMLL,1,1,76.87,2
7921-LMDFQ,0,0,37.91,4
9488-HGMJH,1,1,93.58,1
2111-DWYHN,0,0,27.57,5
5799-JRCZO,0,0,0.44,10
1644-IRKSF,1,0,17.22,6
4163-KIUHY,0,0,23.07,5
6838-HVLXG,0,0,23.09,5
7593-XFKDI,1,0,32.62,4
8947-YRTDV,0,0,9.45,7
5349-IECLD,1,1,77.72,2
6885-PKOAM,0,0,3.07,8
2138-VFAPZ,0,0,0.15,10
8774-GSBUN,0,0,0.1,10
2195-ZRVAX,1,1,78.11,2
4115-NZRKS,0,0,32.91,4
8265-HKSOW,0,0,1.61,9
3913-FCUUW,0,0,0.18,10
5681-LLOEI,0,0,1.38,9
4176-RELJR,0,0,1.01,9
6726-WEXXK,0,0,7.24,7
9788-YTFGE,0,0,16.92,6
5478-JJVZK,0,0,23.35,5
9530-EHPOH,1,0,36.05,4
3717-OEAUQ,0,0,39.5,4
0420-TXVSG,0,0,0.97,9
1862-QRWPE,0,0,0.15,10
0100-DUVFC,0,0,23.8,5
7233-PAHHL,0,0,9.22,7
4277-PVRAN,1,1,83.27,1
7030-NJVDP,0,0,35.99,4
0516-QREYC,0,0,2.18,9
3882-IYOIJ,0,0,1.25,9
5950-AAAGJ,0,0,45.8,3
7516-GMHUV,0,0,39.01,4
0670-KDOMA,0,0,41.12,4
9770-KXGQU,0,0,15.0,6
2378-HTWFW,0,1,62.11,3
9530-GRMJG,0,0,0.53,10
4625-LAMOB,0,0,0.8,10
8015-IHCGW,0,0,10.86,6
4210-QFJMF,1,1,83.96,1
8780-IXSTS,1,1,80.62,1
7105-MXJLL,0,0,15.72,6
5732-IKGQH,0,0,10.4,6
0236-HFWSV,1,1,77.61,2
7096-UCLNH,0,0,24.2,5
5606-AMZBO,0,0,38.69,4
8430-TWCBX,0,0,5.81,7
0536-ESJEP,0,0,0.38,10
4282-MSACW,0,0,15.84,6
3190-ITQXP,0,0,0.17,10
3946-MHCZW,1,1,51.68,3
6350-XFYGW,0,0,21.75,5
3458-IDMFK,0,0,2.5,8
4890-VMUAV,0,0,5.16,7
7801-CEDNV,0,0,1.37,9
3378-AJRAO,0,0,0.86,10
4779-ZGICK,0,0,3.48,8
0224-NIJLP,0,0,2.37,9
1852-QSWCD,0,0,1.53,9
9777-IQHWP,0,0,3.71,8
5791-KAJFD,0,0,16.18,6
6142-VSJQO,1,1,53.16,3
3902-MIVLE,0,0,2.06,9
5590-ZSKRV,0,0,25.67,5
4701-LKOZD,0,0,5.26,7
1735-XMJVH,0,0,28.6,5
8089-UZWLX,0,0,16.96,6
8496-EJAUI,1,0,46.23,3
9060-HJJRW,0,0,15.08,6
8660-BUETV,0,0,45.35,3
8510-BBWMU,0,0,3.78,8
2372-HWUHI,1,1,55.2,3
5067-WJEUN,0,0,4.56,8
5140-FOMCQ,0,0,5.77,7
9305-CDSKC,1,1,74.7,2
4785-FCIFB,0,0,0.89,9
2080-GKCWQ,0,1,69.19,2
3524-WQDSG,0,0,7.17,7
2361-FJWNO,0,0,21.46,5
7073-QETQY,0,0,1.3,9
1723-HKXJQ,1,1,66.56,2
2580-ASVVY,0,0,11.08,6
2027-OAQQC,1,0,40.55,4
1821-BUCWY,0,0,6.82,7
2587-YNLES,0,0,1.22,9
1134-YWTYF,0,0,40.15,4
1178-PZGAB,0,0,3.93,8
5208-FVQKB,0,0,0.82,10
2550-AEVRU,0,0,5.05,7
0484-JPBRU,0,0,20.44,5
2466-NEJOJ,0,0,1.9,9
0257-KXZGU,0,0,1.53,9
3655-SNQYZ,0,0,2.1,9
7824-PANSQ,0,0,34.9,4
5175-AOBHI,1,1,69.54,2
2096-XOTMO,0,0,0.38,10
4116-IQRFR,0,0,10.13,7
4587-NUKOX,1,1,66.57,2
0208-BPQEJ,0,0,19.42,5
3791-LGQCY,1,1,86.16,1
1697-NVVGY,0,1,70.7,2
8313-AFGBW,0,0,0.31,10
9894-EZEWG,1,1,62.25,3
9506-UXUSK,0,0,47.17,3
2307-FYNNL,0,0,18.29,6
6599-GZWCM,0,0,13.22,6
4373-VVHQL,0,1,76.69,2
6959-GQEGV,0,0,34.37,4
7696-AMHOD,0,0,1.12,9
8714-CTZJW,0,1,52.94,3
4640-UHDOS,1,0,34.2,4
3158-MOERK,1,1,84.02,1
9755-JHNMN,0,0,2.08,9
8152-VETUR,0,0,3.28,8
6569-KTMDU,0,1,53.06,3
3374-LXDEV,1,1,52.39,3
3301-LSLWQ,0,0,38.02,4
5774-XZTQC,0,0,13.86,6
5996-NRVXR,0,0,14.06,6
8066-POXGX,1,0,48.2,3
6365-HITVU,0,0,0.54,10
5133-VRSAB,0,0,44.67,3
4822-RVYBB,1,1,92.81,1
6115-ZTBFQ,0,0,1.38,9
9137-UIYPG,0,0,48.92,3
7354-OIJLX,0,1,75.36,2
3716-BDVDB,1,1,84.53,1
6712-OAWRH,1,1,77.73,2
6075-QMNRR,0,0,22.32,5
9929-PLVPA,0,0,11.16,6
8645-KOMJQ,0,0,5.9,7
2718-YSKCS,0,0,0.13,10
1167-OYZJF,0,0,0.27,10
5161-UBZXI,0,0,7.96,7
0945-TSONX,0,0,0.76,10
6994-ORCWG,0,0,28.09,5
4231-LZUYM,0,0,0.52,10
9874-QLCLH,1,1,92.04,1
2626-VEEWG,0,0,0.11,10
9592-ERDKV,0,0,3.04,8
1228-ZLNBX,0,0,41.64,4
7495-OOKFY,1,1,83.3,1
8332-OSJDW,0,0,5.5,7
9824-BEMCV,1,1,74.89,2
3128-YOVTD,0,0,2.1,9
4585-HETAI,1,0,26.98,5
0222-CNVPT,0,0,4.17,8
1866-RZZQS,1,1,84.19,1
9079-LWTFD,0,0,29.75,5
6048-UWKAL,0,0,7.53,7
8634-CILSZ,1,0,39.44,4
8259-NFJTV,0,0,9.07,7
9823-EALYC,0,0,0.32,10
4476-OSWTN,0,0,25.7,5
6527-PZFPV,0,0,0.35,10
3870-MQAMG,1,0,39.69,4
1264-FUHCX,0,0,26.78,5
2667-WYLWJ,1,0,17.24,6
1670-SVOWZ,1,1,59.35,3
4080-IIARD,0,1,65.32,2
7538-GWHML,1,1,81.08,1
0380-ZCSBI,0,0,13.9,6
6339-DKLMK,0,1,50.93,3
6549-YMFAW,0,0,17.26,6
7037-MTYVW,0,0,0.46,10
6120-RJKLU,0,0,0.28,10
6968-URWQU,0,0,0.68,10
5960-WPXQM,1,1,93.06,1
4704-ERYFC,1,1,76.27,2
7703-ZEKEF,1,1,50.45,3
7898-PDWQE,0,0,1.84,9
7056-IMHCC,1,1,87.66,1
2777-PHDEI,1,1,88.47,1
5195-KPUNQ,0,0,22.09,5
3132-TVFDZ,1,1,78.01,2
5816-QVHRX,0,0,43.6,4
4192-GORJT,1,1,93.25,1
2474-BRUCM,1,1,86.08,1
1271-UODNO,0,0,3.18,8
0644-OQMDK,0,1,91.06,1
2347-WKKAE,0,0,6.22,7
3319-DWOEP,1,1,86.31,1
0585-EGDDA,0,0,7.04,7
4909-JOUPP,0,0,7.54,7
0013-SMEOE,0,0,24.51,5
9778-OGKQZ,0,0,16.36,6
3563-SVYLG,0,0,0.48,10
8999-BOHSE,1,1,87.84,1
0310-MVLET,1,1,82.3,1
0634-SZPQA,1,0,49.16,3
5117-IFGPS,0,0,2.7,8
8165-ZJRNM,0,0,0.2,10
2362-IBOOY,1,1,58.81,3
7356-AYNJP,0,0,15.6,6
0112-QAWRZ,0,0,7.64,7
5158-RIVOP,0,0,0.69,10
7517-SAWMO,1,1,64.19,2
1964-SVLEA,0,0,6.15,7
3963-RYFNS,0,0,12.61,6
7998-ZLXWN,0,0,10.75,6
5795-BKOYE,0,0,1.52,9
6746-WAUWT,0,0,4.44,8
2509-TFPJU,0,0,2.01,9
5382-TEMLV,0,0,27.35,5
2506-TNFCO,1,1,98.13,1
2958-NHPPS,0,0,12.04,6
3026-ATZYV,0,0,7.35,7
1264-BYWMS,1,1,57.04,3
2135-RXIHG,1,1,71.43,2
4658-HCOHW,1,1,75.43,2
3387-VATUS,1,1,94.7,1
0356-OBMAC,0,0,10.64,6
4816-LXZYW,1,0,31.66,4
9591-YVTEB,0,1,54.57,3
8212-CRQXP,0,1,60.74,3
5644-PDMZC,1,1,85.89,1
2983-ZANRP,1,1,92.01,1
6546-OPBBH,0,0,3.31,8
3473-XIIIT,1,1,94.8,1
9360-AHGNL,1,0,7.71,7
8943-URTMR,1,1,89.6,1
4804-NCPET,0,0,0.42,10
2673-ZALNP,0,0,6.37,7
3452-GWUIN,0,0,1.39,9
9578-FOMUK,0,0,17.83,6
6370-ZVHDV,0,0,4.68,8
9570-KYEUA,0,0,4.43,8
7580-UGXNC,1,1,57.55,3
8161-QYMTT,0,1,88.39,1
7129-AZJDE,0,0,16.58,6
8237-ULIXL,0,0,2.22,9
6234-RAAPL,0,0,2.01,9
4174-LPGTI,1,0,21.67,5
2832-KJCRD,0,1,66.49,2
3173-WSSUE,0,0,0.17,10
4994-OBRSZ,0,0,2.11,9
4962-CHQPW,0,0,1.91,9
6323-AYBRX,1,0,0.78,10
0303-WMMRN,0,0,18.13,6
5133-POWUA,0,1,56.23,3
4566-QVRRW,1,1,62.81,2
3070-BDOQC,0,0,10.34,6
1984-FCOWB,1,1,55.98,3
8183-ONMXC,1,1,62.04,3
8859-AXJZP,0,0,1.13,9
9670-BPNXF,0,0,3.61,8
3916-NRPAP,0,1,59.18,3
5572-ZDXHY,1,1,66.86,2
7598-UAASY,1,1,85.85,1
7409-KIUTL,1,1,94.35,1
5845-BZZIB,0,0,0.09,10
7432-FFVAR,0,0,3.47,8
1452-VOQCH,0,1,90.08,1
9134-WYRVP,0,0,9.83,7
9500-LTVBP,0,0,28.85,5
8329-GWVPJ,0,0,1.3,9
5176-LMJXE,0,0,1.86,9
8087-LGYHQ,0,1,78.35,2
9090-SGQXL,1,1,82.9,1
0582-AVCLN,0,0,1.08,9
3936-QQFLL,0,0,16.42,6
5960-MVTUK,0,1,71.11,2
0315-LVCRK,0,1,59.66,3
8404-VLQFB,0,0,30.23,4
5028-GZLDO,1,0,31.87,4
9300-RENDD,1,1,85.9,1
9447-YPTBX,0,0,14.69,6
0835-DUUIQ,0,0,4.72,8
0750-EKNGL,0,0,38.38,4
3308-MHOOC,0,0,15.13,6
9677-AVKED,0,0,4.8,8
9909-IDLEK,0,0,3.8,8
7410-YTJIK,1,1,55.93,3
5973-EJGDP,0,0,44.85,3
1323-OOEPC,1,1,69.73,2
3569-EDBPQ,0,0,42.84,4
2404-JIBFC,0,0,3.78,8
0625-AFOHS,0,0,0.35,10
0107-WESLM,1,0,49.8,3
3170-NMYVV,0,0,0.54,10
3391-JSQEW,0,0,4.49,8
6176-YJWAS,0,0,20.95,5
9576-ANLXO,1,1,74.57,2
2197-OMWGI,0,0,3.94,8
8818-XYFCQ,1,1,56.35,3
7139-JZFVG,0,0,0.18,10
9442-JTWDL,0,0,3.48,8
5047-LHVLY,1,1,87.25,1
3055-MJDSB,0,1,58.17,3
0032-PGELS,1,1,64.1,2
1709-EJDOX,0,0,0.09,10
1229-RCALF,0,0,46.45,3
6345-HOVES,0,0,44.15,4
8189-HBVRW,0,0,34.09,4
3426-NIYYL,1,0,41.35,4
9053-EJUNL,0,1,65.1,2
7130-VTEWQ,1,1,89.23,1
0106-UGRDO,0,0,7.57,7
2038-YSEZE,0,0,9.89,7
8404-GFGCZ,0,0,26.9,5
1472-TNCWL,0,0,37.11,4
5918-VUKWP,0,0,5.5,7
5716-LIBJC,0,0,15.0,6
1895-QTKDO,0,0,34.27,4
8992-OBVDG,0,0,20.45,5
4194-WHFCB,0,0,10.12,7
9668-PUGNU,0,0,0.21,10
0508-SQWPL,0,0,0.11,10
0887-HJGAR,1,1,82.66,1
5707-ORNDZ,1,1,64.44,2
7851-WZEKY,1,1,91.53,1
7814-LEEVE,0,0,9.38,7
0373-AIVNJ,0,0,13.33,6
9953-ZMKSM,0,0,1.98,9
2212-LYASK,0,0,13.4,6
5385-SUIRI,1,1,79.78,2
5565-FILXA,1,1,91.29,1
0122-OAHPZ,1,1,82.41,1
5922-ABDVO,1,1,60.13,3
5197-LQXXH,0,0,0.3,10
0133-BMFZO,1,1,56.74,3
0004-TLHLJ,1,1,76.79,2
6518-LGAOV,1,1,79.32,2
1848-LBZHY,0,0,7.28,7
7909-FIOIY,0,0,22.98,5
2999-AANRQ,0,0,6.11,7
4925-LMHOK,1,0,20.2,5
7017-VFHAY,0,0,1.38,9
2305-MRGLV,0,0,6.43,7
3235-ETOOB,1,1,69.31,2
8374-XGEJJ,1,0,17.27,6
8016-ZMGMO,0,0,34.97,4
5827-MWCZK,0,0,4.8,8
8499-BRXTD,0,0,2.18,9
7273-TEFQD,1,1,89.64,1
8129-GMVGI,0,0,0.11,10
4922-CVPDX,0,0,0.97,9
1686-STUHN,0,0,5.51,7
9773-PEQBZ,0,1,68.8,2
5766-ZJYBB,1,1,53.75,3
6861-XWTWQ,1,1,97.28,1
8849-PRIQJ,0,0,1.66,9
1447-GIQMR,1,1,89.05,1
3207-OYBWH,1,1,76.89,2
6927-WTFIV,1,1,73.31,2
5089-IFSDP,1,0,27.32,5
4012-ZTHBR,0,0,3.11,8
7839-QRKXN,1,0,36.04,4
4957-TREIR,0,0,34.15,4
6734-PSBAW,0,0,4.7,8
0378-CJKPV,0,0,10.56,6
9537-JALFH,0,0,0.11,10
9577-WJVCQ,0,0,22.51,5
5977-CKHON,0,0,15.76,6
7346-MEDWM,0,0,47.25,3
5084-OOVCJ,0,0,15.24,6
9840-DVNDC,1,1,53.06,3
9242-TKFSV,0,0,0.38,10
5961-VUSRV,0,0,9.46,7
7250-EQKIY,1,1,70.87,2
5663-QBGIS,0,0,22.52,5
8486-AYEQH,0,0,48.31,3
4868-AADLV,0,0,16.08,6
8065-YKXKD,1,1,77.14,2
1545-JFUML,0,0,4.7,8
0515-YPMCW,1,1,66.98,2
5150-ITWWB,0,0,37.27,4
6567-HOOPW,1,1,91.41,1
1768-HNVGJ,0,0,7.58,7
2889-FPWRM,1,0,41.3,4
0311-UNPFF,1,1,60.36,3
9099-FTUHS,0,0,37.93,4
5449-FIBXJ,1,1,75.79,2
8595-SIZNC,0,0,3.86,8
6888-SBYAI,0,1,50.08,3
3948-FVVRP,0,0,11.05,6
8429-XIBUM,1,1,64.33,2
8992-CEUEN,0,0,34.4,4
9795-SHUHB,0,0,0.19,10
5057-LCOUI,1,0,39.23,4
6857-VWJDT,1,1,88.01,1
2391-SOORI,1,0,35.03,4
3320-VEOYC,0,1,91.81,1
0048-PIHNL,0,0,2.3,9
0337-CNPZE,1,1,82.94,1
1133-KXCGE,0,0,5.37,7
8634-MPHTR,1,1,91.71,1
9667-TKTVZ,0,1,51.54,3
7605-BDWDC,0,0,3.24,8
9150-KPBJQ,0,0,2.11,9
7901-IIDQV,0,0,14.2,6
8069-YQQAJ,0,1,62.11,3
0979-PHULV,1,1,54.89,3
2696-ECXKC,0,0,1.8,9
1621-YNCJH,0,0,5.07,7
8143-ETQTI,0,0,0.09,10
7328-OWMOM,0,0,2.56,8
7989-CHGTL,1,0,35.69,4
1120-BMWUB,1,0,26.49,5
5392-AKEMH,0,0,44.46,4
6549-BTYPG,0,0,1.11,9
7024-OHCCK,1,1,95.8,1
1814-DKOLC,0,0,26.85,5
7798-JVXYM,0,0,48.34,3
4488-PSYCG,1,0,15.03,6
0080-EMYVY,0,0,10.56,6
0979-MOZQI,0,0,1.87,9
6689-TCZHQ,1,1,89.31,1
3594-IVHJZ,0,0,41.35,4
7216-EWTRS,1,1,91.71,1
0487-CRLZF,0,0,5.91,7
3006-XIMLN,1,1,89.68,1
8434-PNQZX,0,0,5.16,7
8622-ZLFKO,0,1,92.77,1
3223-WZWJM,1,1,60.37,3
7608-RGIRO,0,0,0.45,10
3407-QGWLG,0,0,12.91,6
0997-YTLNY,0,0,10.75,6
6872-HXFNF,0,0,13.99,6
7675-OZCZG,1,1,75.48,2
7729-JTEEC,0,0,32.48,4
4067-HLYQI,0,1,53.96,3
2516-XSJKX,0,0,3.79,8
8216-AZUUZ,0,0,7.85,7
4576-CSAJH,1,0,5.51,7
5858-EAFCZ,0,0,49.7,3
4086-WITJG,0,0,0.08,10
0872-NXJYS,1,1,60.76,3
8903-WMRNW,0,0,21.68,5
4480-QQRHC,0,0,12.53,6
0668-OGMHD,0,0,4.79,8
3234-VKACU,0,0,49.34,3
0811-GSDTP,0,0,34.53,4
3030-YZADT,1,1,55.65,3
6732-FZUGP,0,0,13.25,6
5286-YHCVC,0,0,9.24,7
3137-NYQQI,0,0,9.5,7
5996-DAOQL,0,0,36.78,4
0743-HRVFF,0,0,2.41,9
8805-JNRAZ,0,0,44.9,3
4806-DXQCE,0,0,1.78,9
1676-MQAOA,0,0,2.37,9
9776-CLUJA,1,1,82.52,1
9828-AOQLM,1,0,46.09,3
2812-ENYMO,0,0,44.49,4
6770-XUAGN,1,1,70.47,2
2657-ALMWY,1,1,71.76,2
5397-TUPSH,0,0,4.55,8
9786-IJYDL,0,0,19.73,5
0330-BGYZE,0,0,5.7,7
9558-IHEZX,0,0,10.38,6
8610-WFCJF,1,1,64.49,2
7669-LCRSD,0,0,17.11,6
4458-KVRBJ,0,0,1.13,9
4291-HYEBC,0,0,11.32,6
8455-HIRAQ,0,0,28.26,5
0018-NYROU,0,1,82.48,1
4195-PNGZS,0,0,1.0,9
3097-FQTVJ,0,0,1.51,9
6481-OGDOO,1,0,27.35,5
2642-DTVCO,1,1,87.7,1
4366-CTOUZ,0,0,7.03,7
0436-TWFFZ,0,0,9.48,7
2040-OBMLJ,0,0,8.48,7
5795-KTGUD,0,0,20.55,5
0536-ACXIP,0,0,2.01,9
5968-XQIVE,0,0,20.02,5
6380-ARCEH,0,0,31.6,4
1436-ZMJAN,0,0,21.03,5
3726-TBHQT,0,0,7.9,7
4945-RVMTE,0,0,49.55,3
1757-TCATG,0,0,0.93,9
1697-LYYYX,0,0,0.16,10
6158-DWPZT,1,0,26.18,5
5057-RKGLH,0,0,0.18,10
1571-SAVHK,1,1,68.77,2
8966-SNIZF,0,0,0.12,10
0867-MKZVY,1,0,15.75,6
9488-FYQAU,0,0,1.5,9
4079-ULGFR,0,0,10.35,6
5046-NUHWD,0,0,14.4,6
0023-UYUPN,0,0,15.3,6
6656-JWRQX,0,0,44.02,4
1270-XKUCC,0,0,1.23,9
6595-COKXZ,1,1,88.5,1
4277-UDIEF,0,0,14.82,6
5975-BAICR,0,0,0.96,9
3489-VSFRD,0,0,6.79,7
8410-BGQXN,0,0,16.62,6
6230-BSUXY,1,1,92.77,1
8008-OTEZX,0,0,1.44,9
6635-CPNUN,0,0,7.7,7
3955-JBZZM,0,0,30.28,4
1114-CENIM,1,0,12.43,6
5702-KVQRD,0,0,6.3,7
1291-CUOCY,0,0,3.82,8
4628-WQCQQ,1,0,24.32,5
9764-REAFF,0,0,0.89,9
8728-SKJLR,0,0,40.67,4
3474-BAFSJ,0,0,9.69,7
4806-HIPDW,1,1,95.71,1
5170-PTRKA,0,0,48.56,3
3050-RLLXC,0,0,0.19,10
7398-HPYZQ,0,0,6.24,7
2030-BTZRO,0,0,2.11,9
1624-WOIWJ,1,1,61.67,3
8739-QOTTN,0,0,30.55,4
4489-SNOJF,1,0,16.26,6
5590-YRFJT,1,1,62.64,2
6479-SZPLM,0,0,0.54,10
5419-JPRRN,1,1,92.21,1
1089-HDMKP,0,0,4.42,8
5183-KLYEM,0,0,9.22,7
4526-EXKKN,0,0,1.61,9
1710-RCXUS,0,0,26.88,5
5018-LXQQG,0,0,21.38,5
7890-VYYWG,1,1,88.87,1
8919-FYFQZ,1,1,67.06,2
0853-NWIFK,0,0,36.12,4
1794-SWWKL,0,0,4.92,8
4900-MSOMT,0,0,0.48,10
9013-AQORL,0,0,14.16,6
5220-AGAAX,0,0,0.18,10
0529-ONKER,1,1,75.79,2
7255-SSFBC,0,0,3.01,8
9290-SHCMB,0,0,23.99,5
9058-CBREO,1,1,74.22,2
9940-RHLFB,1,1,86.25,1
1522-VVDMG,1,1,81.96,1
2176-OSJUV,0,0,3.49,8
6680-NENYN,1,0,15.75,6
1934-SJVJK,1,0,30.81,4
2718-GAXQD,1,1,63.32,2
8148-NLEGT,0,0,1.81,9
7103-ZGVNT,0,0,0.62,10
2694-CIUMO,0,1,56.5,3
4487-ZYJZK,0,0,3.58,8
3612-YUNGG,0,0,6.25,7
3780-YVMFA,0,0,49.66,3
3197-NNYNB,0,0,3.42,8
9626-VFRGG,0,0,33.63,4
8350-NYMVI,0,0,25.73,5
7817-OMJNA,0,0,7.08,7
2869-ADAWR,1,0,37.01,4
8603-IJWDN,1,1,92.33,1
0562-HKHML,0,0,0.11,10
6729-GDNGC,0,0,27.58,5
5882-CMAZQ,0,0,6.21,7
8990-YOZLV,0,0,2.46,9
4759-PXTAN,0,0,3.74,8
5233-GEEAX,1,1,74.87,2
3410-YOQBQ,0,0,3.49,8
6857-TKDJV,0,0,0.18,10
0727-BNRLG,0,0,19.04,5
2108-YKQTY,1,0,33.96,4
9919-KNPOO,0,0,38.21,4
8204-TIFGJ,0,0,15.05,6
1023-BQXZE,0,0,6.24,7
7328-ZJAJO,0,0,0.64,10
8421-WZOOW,0,0,3.21,8
8946-BFWSG,0,0,0.12,10
1215-EXRMO,0,0,0.49,10
3701-SFMUH,0,0,16.32,6
5708-EVONK,1,1,66.01,2
3370-GQEAL,0,0,4.86,8
5020-ZSTTY,1,0,12.86,6
0823-HSCDJ,1,1,66.5,2
1763-WQFUK,0,1,62.52,3
7248-VZQLC,1,1,74.73,2
6103-LIANB,0,0,4.97,8
9500-IWPXQ,0,0,1.77,9
1169-WCVAK,0,1,50.93,3
0495-RVCBF,1,1,89.88,1
2599-CIPQE,0,0,0.59,10
7349-ALMUX,0,0,3.88,8
3795-GWTRD,0,0,0.3,10
1163-ONYEY,0,0,8.63,7
1379-FRVEB,0,0,47.81,3
1685-VAYJF,0,0,19.9,5
0320-DWVTU,0,0,5.12,7
6997-UVGOX,0,0,0.12,10
9881-VCZEP,0,0,8.87,7
7459-RRWQZ,1,0,33.67,4
4815-YOSUK,0,0,0.37,10
7143-BQIBA,0,0,32.11,4
0461-CVKMU,1,0,40.1,4
5993-JSUWV,0,0,2.67,8
4526-ZJJTM,0,0,21.26,5
1150-FTQGN,0,0,7.62,7
5343-SGUBI,0,0,11.42,6
3486-HOOGQ,0,0,1.07,9
6195-MELTI,0,0,4.75,8
9465-RWMXL,1,1,78.2,2
0727-IWKVK,1,1,70.59,2
6008-NAIXK,0,0,25.96,5
3154-CFSZG,0,0,17.96,6
2720-WGKHP,1,1,96.45,1
9079-YEXQJ,1,0,44.05,4
6007-TCTST,0,0,0.18,10
3758-CKOQL,0,0,4.01,8
2387-KDZQY,0,0,4.11,8
5074-FBGHB,0,0,34.27,4
4770-UEZOX,0,1,67.79,2
4678-DVQEO,1,1,67.54,2
7176-WIONM,0,0,19.92,5
5327-XOKKY,0,0,4.13,8
2324-EFHVG,0,0,14.76,6
5260-UMPWX,0,0,5.62,7
2862-PFNIK,0,1,61.89,3
3027-YNWZU,0,0,1.27,9
5968-HYJRZ,0,0,0.37,10
0734-OXWBT,0,0,42.01,4
4446-BZKHU,1,1,78.36,2
0596-BQCEQ,1,1,69.13,2
5651-CPDND,0,0,22.93,5
5146-YYFRZ,0,0,1.07,9
3027-ZTDHO,1,1,91.3,1
2225-ZRGSG,1,0,8.18,7
8957-THMOA,0,0,0.32,10
4980-URKXC,0,0,11.4,6
9154-QDGTH,0,0,15.84,6
2773-MADBQ,0,0,4.35,8
5458-CQJTA,1,0,9.52,7
0774-RMNUW,0,0,0.77,10
1237-WIYYZ,0,0,9.47,7
5863-OOKCL,0,0,9.01,7
9402-CXWPL,0,0,27.32,5
1098-KFQEC,0,0,0.11,10
4342-HFXWS,0,0,0.7,10
8017-UVSZU,0,0,12.77,6
2656-TABEH,1,1,96.02,1
4674-HGNUA,0,0,0.49,10
8849-GYOKR,1,0,29.01,5
0513-RBGPE,0,0,0.79,10
5199-FPUSP,0,0,2.47,9
7594-RQHXR,1,1,91.95,1
3346-BRMIS,1,1,89.98,1
1207-BLKSA,0,0,0.76,10
7138-GIRSH,0,0,4.75,8
4836-WNFNO,0,0,0.13,10
9441-QHEVC,0,0,25.58,5
3192-NQECA,1,0,5.02,8
0268-QKIWO,1,0,32.82,4
0961-ZWLVI,0,0,10.04,7
7808-DVWEP,0,0,25.98,5
1093-YSWCA,0,0,1.02,9
2737-WFVYW,1,1,78.34,2
6048-QBXKL,0,1,76.73,2
9375-MHRRS,0,0,32.91,4
9620-QJREV,0,0,1.92,9
4671-VJLCL,0,0,2.47,9
9651-GTSAQ,1,1,61.93,3
7797-EJMDP,0,0,34.41,4
2632-UCGVD,1,0,33.42,4
2848-YXSMW,0,0,2.01,9
9391-DXGGG,0,0,19.31,5
1956-YIFGE,0,0,3.52,8
8083-YTZES,1,1,77.68,2
8199-ZLLSA,1,0,21.45,5
9845-QOMAD,0,0,0.36,10
6128-DAFVY,0,0,28.23,5
9477-LGWQI,0,0,0.3,10
6139-ZZRBQ,0,0,1.39,9
3900-AQPHZ,1,0,37.84,4
4719-UMSIY,0,0,19.5,5
7923-IYJWY,0,0,10.94,6
9251-WNSOD,0,0,2.65,8
4361-BKAXE,1,0,48.57,3
5968-VXZLG,0,1,56.66,3
6685-XSHHU,0,0,0.1,10
7623-TRNQN,1,0,46.0,3
9821-BESNZ,0,0,14.06,6
4716-HHKQH,0,0,27.35,5
3808-HFKDE,0,0,37.55,4
9742-XOKTS,0,0,1.81,9
2430-USGXP,1,1,65.72,2
8464-EETCQ,0,0,0.65,10
7032-LMBHI,0,0,15.16,6
1840-BIUOG,0,0,16.2,6
9919-FZDED,0,0,10.23,6
2990-IAJSV,0,0,3.82,8
8761-NSOBC,1,0,44.47,4
1094-BKOSX,0,0,0.41,10
9136-ALYBR,1,1,67.94,2
1016-DJTSV,0,0,13.82,6
5016-IBERQ,0,1,66.23,2
4471-KXAUH,1,1,69.28,2
7164-BPTUT,0,0,2.54,8
2321-OMBXY,1,0,18.38,5
4092-OFQZS,0,0,0.35,10
7351-KYHQH,0,0,13.09,6
8749-JMNKX,1,1,81.42,1
3506-OVLKD,0,0,5.49,7
6248-TKCQV,0,0,2.62,8
0988-AADSA,0,0,0.49,10
1972-XMUWV,0,0,0.44,10
7029-RPUAV,1,1,96.11,1
1925-LFCZZ,0,0,24.87,5
1767-TGTKO,0,0,41.6,4
4115-UMJFQ,0,0,22.01,5
0114-RSRRW,0,0,3.18,8
5025-GOOKI,0,0,10.76,6
3097-PYWXL,0,0,32.81,4
5232-NXPAY,0,0,4.42,8
0378-XSZPU,1,0,11.35,6
1575-KRZZE,0,1,56.08,3
8097-VBQTZ,0,0,20.49,5
6743-HHQPF,0,0,12.82,6
3967-KXAPS,0,0,22.85,5
4070-OKWVH,0,1,61.96,3
8305-VHZBZ,1,1,50.78,3
2615-YVMYX,0,0,23.16,5
6741-EGCBI,0,0,9.3,7
4018-PPNDW,0,0,0.74,10
2916-BQZLN,0,0,46.63,3
8107-RZLNV,0,0,1.36,9
2332-EFBJY,1,0,12.45,6
3021-VLNRJ,0,0,3.09,8
5293-WXJAK,1,1,74.49,2
7310-EGVHZ,0,0,44.42,4
8165-CBKXO,0,0,2.3,9
8819-ZBYNA,0,0,3.43,8
2452-KDRRH,0,0,17.83,6
9191-MYQKX,1,1,53.17,3
8544-JNBOX,0,0,0.9,9
7074-STDCN,0,0,35.98,4
7548-SEPYI,1,1,90.81,1
0285-INHLN,0,0,5.72,7
4853-OITSN,0,0,28.3,5
9700-ISPUP,0,0,29.5,5
3694-GLTJM,0,0,19.21,5
1775-KWJKQ,0,0,1.91,9
9689-PTNPG,1,1,79.39,2
9229-RQABD,0,0,3.0,8
9207-ZPANB,0,0,4.52,8
7131-ZQZNK,0,0,7.24,7
9170-ARBTB,0,0,5.25,7
7673-LPRNY,0,0,16.9,6
4676-MQUEA,0,0,3.36,8
5966-EMAZU,0,0,38.95,4
6961-VCPMC,1,1,83.52,1
4700-UBQMV,0,0,2.22,9
8966-OIQHG,0,0,0.63,10
6741-QRLUP,0,0,2.51,8
4274-OWWYO,1,1,84.21,1
1376-HHBDV,0,0,15.38,6
2245-ADZFJ,0,0,4.45,8
0386-CWRGM,0,0,0.1,10
7989-AWGEH,0,0,1.23,9
8642-GVWRF,1,1,83.52,1
0744-BIKKF,0,0,2.48,9
3138-BKYAV,1,1,74.29,2
3266-FTKHB,0,0,1.28,9
3038-PQIUY,0,0,25.49,5
9470-XCCEM,0,0,12.66,6
4323-ELYYB,0,0,0.3,10
2545-LXYVJ,0,0,2.37,9
8735-SDUFN,0,0,0.85,10
0621-TWIEM,1,1,52.17,3
0754-UKWQP,1,1,86.54,1
3413-DHLPB,0,0,35.76,4
7817-BOQPW,1,1,80.66,1
5027-XWQHA,1,1,57.97,3
1131-QQZEB,0,0,0.45,10
4274-DRSQT,0,0,21.52,5
9710-NJERN,0,0,1.39,9
1628-BIZYP,0,1,67.12,2
6212-ATMLK,0,1,80.53,1
6873-UDNLD,0,0,21.81,5
7668-XCFYV,0,0,17.15,6
2005-DWQZJ,0,0,2.67,8
9633-DENPU,0,0,9.52,7
1029-QFBEN,1,0,31.87,4
8098-TDCBU,0,0,0.25,10
9489-JMTTN,0,0,2.32,9
3258-SYSWS,0,0,10.11,7
0052-YNYOT,0,0,4.22,8
7852-LECYP,0,0,2.56,8
4830-FAXFM,0,0,8.8,7
2800-QQUSO,0,1,62.91,2
6892-EZDTG,1,1,91.32,1
1661-CZBAU,0,0,11.64,6
8565-WUXZU,0,0,0.84,10
1573-LGXBA,0,0,8.25,7
8746-BFOAJ,0,0,9.02,7
2077-MPJQO,0,1,70.62,2
6502-MJQAE,1,1,87.22,1
1685-BQULA,0,1,66.2,2
4614-NUVZD,1,1,89.08,1
2546-KZAAT,0,0,2.31,9
6725-TPKJO,0,0,0.86,10
5322-TEUJK,0,0,0.63,10
5777-KJIRB,0,0,8.52,7
3987-KQDDU,0,1,52.54,3
4693-VWVBO,0,0,24.75,5
5136-RGMZO,0,1,50.15,3
3733-ZEECP,0,0,15.18,6
7267-FRMJW,0,0,1.09,9
7688-AWMDX,0,0,5.05,7
4686-UXDML,0,1,62.55,2
9087-EYCPR,0,0,1.62,9
5803-NQJZO,0,0,5.85,7
1047-RNXZV,0,0,0.79,10
5177-RVZNU,0,0,3.94,8
5372-FBKBN,0,0,7.66,7
2612-RANWT,1,1,83.58,1
6050-IJRHS,0,0,16.08,6
9412-GHEEC,1,1,65.95,2
5970-GHJAW,0,0,0.1,10
3605-JISKB,0,0,11.59,6
6619-RPLQZ,0,0,1.23,9
4918-QLLIW,1,1,62.44,3
5854-KSRBJ,0,0,0.11,10
9220-CXRSC,0,0,0.2,10
8513-OLYGY,0,0,2.03,9
0402-OAMEN,0,0,0.53,10
9907-SWKKF,1,1,78.36,2
6348-SNFUS,0,0,1.05,9
1552-AAGRX,0,0,42.52,4
2888-ADFAO,0,0,0.25,10
1635-NZATJ,0,0,1.71,9
7964-VEXDG,0,0,21.75,5
2823-LKABH,0,1,68.01,2
0197-PNKNK,0,0,3.25,8
2252-JHJGE,0,0,25.89,5
3530-VWVGU,0,0,6.42,7
2308-STERM,0,0,18.12,6
0434-CSFON,0,1,54.42,3
3316-UWXUY,0,0,19.42,5
6917-YACBP,0,0,6.81,7
8224-IVVPA,0,0,20.64,5
3863-IUBJR,1,0,19.95,5
7821-DPRQE,0,0,30.66,4
1641-BYBTK,0,0,7.72,7
9993-LHIEB,0,0,3.81,8
1302-TPUBN,0,0,2.55,8
7892-POOKP,1,1,54.71,3
6854-EXGSF,0,0,48.44,3
3214-IYUUQ,0,0,21.34,5
1226-IENZN,0,1,75.72,2
2230-XTUWL,0,0,0.26,10
6214-EDAKZ,1,0,31.8,4
7627-JKIAZ,1,1,50.75,3
3401-URHDA,0,0,5.3,7
0013-MHZWF,0,0,27.64,5
6519-ZHPXP,0,0,5.03,8
4079-VTGLK,0,0,3.12,8
4228-ZGYUW,1,1,85.34,1
2749-CTKAJ,0,0,2.7,8
7315-WYOAW,0,1,50.46,3
2586-CWXVV,0,0,6.46,7
7878-JGDKK,0,1,55.24,3
0098-BOWSO,0,0,15.35,6
6834-NXDCA,1,0,44.3,4
0956-SYCWG,0,0,8.62,7
3705-RHRFR,0,0,2.87,8
2558-BUOZZ,0,0,16.91,6
9688-YGXVR,0,0,40.18,4
6339-RZCBJ,0,0,2.38,9
1342-JPNKI,1,1,79.97,2
4059-IIEBK,0,1,78.81,2
4343-EJVQB,0,0,45.14,3
2249-YPRNG,1,1,79.19,2
4315-MURBD,1,1,74.72,2
2250-IVBWA,0,0,12.1,6
7789-HKSBS,0,0,37.93,4
6242-SGYTS,0,0,1.52,9
0187-QSXOE,0,0,5.84,7
2235-ZGKPT,1,0,47.72,3
2087-QAREY,0,0,48.86,3
4750-ZRXIU,1,1,92.82,1
8580-AECUZ,1,1,93.46,1
0228-MAUWC,0,0,24.23,5
0407-BDJKB,1,1,78.45,2
8048-DSDFQ,0,0,22.67,5
8190-ZTQFB,0,0,28.35,5
9605-WGJVW,0,1,94.42,1
7868-TMWMZ,0,0,7.38,7
0909-SDHNU,0,0,24.99,5
9746-UGFAC,0,0,9.34,7
4816-JBHOV,1,1,84.7,1
9606-PBKBQ,1,1,92.93,1
7833-PKIHD,0,0,35.68,4
1591-NFNLQ,1,0,31.79,4
8544-GOQSH,0,0,41.48,4
4881-GQJTW,0,0,11.48,6
4742-TXUEX,0,0,0.89,9
1020-JPQOW,0,1,56.99,3
2004-OCQXK,1,1,91.46,1
9492-TOKRI,1,1,56.3,3
2995-UPRYS,1,0,47.77,3
0866-QLSIR,1,0,9.18,7
0404-SWRVG,1,1,63.25,2
6906-MPARY,0,0,12.97,6
1352-HNSAW,0,0,0.79,10
6674-KVJHG,0,0,14.28,6
9541-PWTWO,0,0,7.94,7
2293-IJWPS,0,0,13.34,6
8267-KFGYD,0,0,48.17,3
9633-XQABV,0,1,78.86,2
7321-KKSDU,0,0,0.44,10
7779-ORAEL,0,0,1.17,9
8065-QBYTO,0,0,20.57,5
7665-NKLAV,0,0,0.66,10
4432-ADRLB,1,1,67.22,2
5442-UTCVD,1,1,70.47,2
7159-NOKYQ,0,0,3.25,8
5680-LQOGP,0,0,2.58,8
7473-ZBDSN,0,0,0.76,10
8051-HJRLT,1,1,95.24,1
5627-TVBPP,0,0,1.84,9
6705-LXORM,0,0,43.99,4
8541-QVFKM,0,1,72.8,2
6762-QVYJO,0,0,0.26,10
4986-MXSFP,0,1,54.92,3
8224-DWCKX,0,0,13.0,6
6728-WYQBC,0,0,34.32,4
7586-ZATGZ,0,1,65.85,2
2146-EGVDT,0,0,1.38,9
7268-WNTCP,0,0,0.52,10
8690-ZVLCL,0,0,1.05,9
5482-VXSXJ,0,0,47.96,3
9420-LOJKX,1,0,39.45,4
4057-FKCZK,0,0,7.69,7
8276-MQBYC,1,1,70.43,2
6765-MBQNU,0,0,0.86,9
4312-KFRXN,0,0,1.4,9
1755-RMCXH,0,0,6.64,7
8434-VGEQQ,0,0,1.57,9
6736-DHUQI,0,0,1.82,9
4078-SAYYN,1,1,83.63,1
4109-CYRBD,0,0,26.29,5
2325-NBPZG,0,1,56.43,3
4322-RCYMT,1,0,32.9,4
3082-WQRVY,0,0,0.69,10
1346-UFHAX,0,0,44.84,3
1143-NMNQJ,1,1,86.59,1
7706-YLMQA,0,0,3.29,8
5897-ZYEKH,0,0,21.92,5
8851-RAGOV,0,0,5.72,7
3589-PPVKW,0,0,30.05,4
8967-SZQAS,0,0,18.74,5
1024-KPRBB,0,0,37.8,4
7483-IQWIB,0,0,47.52,3
5378-IKEEG,1,1,76.61,2
5647-FXOTP,0,1,85.41,1
6813-GZQCG,0,0,0.47,10
8445-DNBAE,0,0,44.06,4
4929-ROART,0,0,35.42,4
2716-GFZOR,0,0,2.57,8
8992-JQYUN,1,1,94.61,1
8573-JGCZW,0,0,6.65,7
6635-MYYYZ,1,0,14.91,6
2680-XKKNJ,0,0,8.13,7
6100-FJZDG,0,0,1.18,9
6849-WLEYG,1,0,17.48,6
3001-CBHLQ,1,1,82.11,1
8592-PLTMQ,0,0,4.28,8
6340-DACFT,0,0,0.08,10
7641-TQFHN,0,0,4.31,8
8242-SOQUO,0,0,27.55,5
7196-LIWRH,0,0,2.91,8
2364-UFROM,0,0,13.96,6
9385-NXKDA,0,0,0.58,10
4291-SHSBH,0,1,68.15,2
3508-VLHCZ,0,0,0.43,10
8439-LTUGF,0,0,10.73,6
2369-UAPKZ,1,1,76.56,2
2270-CHBFN,0,0,5.02,8
5315-CKEQK,0,0,17.84,6
0505-SPOOW,0,0,0.19,10
7964-ZRKKG,0,0,40.11,4
0931-MHTEM,0,0,27.95,5
4002-BQWPQ,0,0,34.67,4
5130-IEKQT,1,1,76.47,2
2700-LUEVA,0,0,27.05,5
6051-PTVNS,0,0,4.3,8
9448-REEVD,1,1,73.61,2
7197-VOJMM,0,0,3.37,8
1430-SFQSA,0,0,7.32,7
7026-YMSBE,0,0,5.24,7
7690-KPNCU,0,0,3.33,8
0749-IRGQE,0,1,53.31,3
9330-DHBFL,0,0,2.49,9
4634-JLRJT,0,0,40.15,4
0464-WJTKO,0,0,0.07,10
2252-ISRNH,0,0,3.28,8
3536-IQCTX,1,1,84.47,1
6296-DDOOR,0,0,11.3,6
1784-EZDKJ,0,0,29.73,5
2577-GVSIL,0,0,3.73,8
9445-ZUEQE,0,0,26.47,5
0969-RGKCU,0,0,2.91,8
1952-DVVSW,0,0,2.45,9
5049-MUBWG,0,0,9.5,7
7120-RFMVS,1,1,86.16,1
8901-UPRHR,0,0,3.08,8
2039-JONDJ,0,0,6.64,7
9496-IVVRP,0,0,2.49,9
5402-HTOTQ,0,0,41.02,4
6772-WFQRD,0,0,7.75,7
6377-KSLXC,0,0,15.44,6
5161-XEUVX,0,0,2.99,8
4877-EVATK,1,0,37.41,4
6907-CQGPN,0,0,30.6,4
2101-RANCD,0,1,52.19,3
8345-MVDYC,0,0,3.91,8
0314-TKOSI,0,1,69.44,2
1985-MBRYP,0,0,2.92,8
8144-DGHXP,0,0,5.53,7
4584-LBNMK,0,0,3.03,8
3926-YZVVX,0,0,9.55,7
5837-LXSDN,0,0,9.57,7
7109-MFBYV,0,0,32.47,4
5219-YIPTK,1,1,82.93,1
1166-PQLGG,0,0,0.14,10
4111-BNXIF,0,0,9.27,7
2636-OHFMN,1,0,49.55,3
2725-IWWBA,0,0,0.22,10
6060-QBMGV,0,0,0.11,10
5998-DZLYR,0,0,17.91,6
6617-WLBQC,0,0,1.66,9
1069-XAIEM,1,1,96.07,1
1258-YMZNM,0,0,37.27,4
4749-VFKVB,1,1,51.91,3
1406-PUQVY,0,0,46.52,3
4884-TVUQF,0,0,5.83,7
0230-WEQUW,0,0,7.31,7
7274-RTAPZ,1,1,90.11,1
1304-BCCFO,0,1,76.2,2
7823-JSOAG,0,1,70.59,2
3411-WLRSQ,0,1,86.52,1
5939-XAIXZ,0,0,34.91,4
3544-FBCAS,0,0,0.59,10
7780-OTDSO,1,1,85.25,1
2675-DHUTR,0,0,3.46,8
2812-SFXMJ,0,0,16.37,6
7296-PIXQY,0,0,33.26,4
3389-YGYAI,1,1,94.58,1
2267-FPIMA,0,1,53.92,3
8006-PYCSW,0,0,22.04,5
8792-AOROI,0,0,9.31,7
3889-VWBID,0,0,2.22,9
7359-PTSXY,1,1,65.31,2
5928-QLDHB,0,1,73.75,2
3398-GCPMU,0,0,1.48,9
3654-ARMGP,0,0,2.49,9
4282-ACRXS,0,1,63.81,2
6952-OMNWB,0,0,4.14,8
4280-DLSHD,0,0,7.76,7
7602-DBTOU,0,0,0.76,10
7156-MHUGY,1,1,89.14,1
7128-GGCNO,0,0,44.66,4
5451-YHYPW,0,0,8.11,7
2332-TODQS,0,0,2.81,8
3694-DELSO,0,0,19.54,5
6851-WEFYX,0,0,26.61,5
1226-JZNKR,0,0,21.69,5
7617-EYGLW,0,0,43.01,4
9695-IDRZR,0,0,6.37,7
3398-ZOUAA,1,1,87.59,1
8985-OOPOS,0,0,22.87,5
2612-PHGOX,0,0,3.81,8
1866-DIOQZ,0,0,5.43,7
8344-WFMFH,0,0,24.56,5
7639-LIAYI,0,0,6.08,7
1930-BZLHI,0,0,4.21,8
0744-GKNGE,0,0,21.95,5
0354-WYROK,1,1,71.67,2
0318-QUUOB,1,1,89.09,1
6217-TOWGS,0,0,38.11,4
4652-NNHNY,1,1,89.25,1
1325-USMEC,0,0,1.26,9
8155-IBNHG,1,1,69.34,2
6917-IAYHD,0,0,47.18,3
1236-WFCDV,1,1,77.32,2
8910-LEDAG,0,0,7.36,7
6185-TASNN,0,0,11.74,6
3647-GMGDH,1,0,19.63,5
0541-FITGH,0,1,52.17,3
4816-OKWNX,0,0,11.14,6
0181-RITDD,0,0,0.81,10
7016-BPGEU,1,0,28.32,5
6988-CJEYV,0,1,55.96,3
2114-MGINA,1,1,56.34,3
1356-MKYSK,0,0,41.47,4
7845-URHJN,1,0,39.82,4
5154-VEKBL,1,1,58.18,3
1228-FZFRV,1,1,54.89,3
6134-KWTBV,0,0,1.23,9
4128-ETESU,0,1,58.84,3
2520-SGTTA,0,0,0.49,10
4854-SSLTN,0,0,3.87,8
6198-RTPMF,0,0,18.33,5
0504-HHAPI,1,1,69.75,2
8648-PFRMP,0,0,16.54,6
0265-EDXBD,1,1,73.65,2
5626-MGTUK,0,1,57.84,3
3413-CSSTH,0,0,46.4,3
7945-PRBVF,0,0,1.22,9
8777-MBMTS,0,0,5.16,7
2243-FNMMI,0,0,6.88,7
4727-MCYZG,0,1,74.68,2
4349-GFQHK,1,1,64.22,2
8937-RDTHP,1,0,46.3,3
5832-TRLPB,0,0,21.75,5
8259-DZLIZ,0,0,0.16,10
1087-GRUYI,0,0,0.8,10
0761-AETCS,1,0,40.95,4
6457-GIRWB,1,1,85.45,1
4361-FEBGN,0,0,0.88,9
1958-RNRKS,0,0,25.34,5
3115-CZMZD,0,0,1.45,9
7242-EDTYC,0,0,3.21,8
2122-YWVYA,0,0,41.95,4
8780-IHCRN,0,0,0.31,10
2606-RMDHZ,1,0,44.66,3
5313-FPXWG,0,0,6.31,7
2754-VDLTR,1,1,74.71,2
0512-FLFDW,0,0,23.9,5
0880-FVFWF,0,0,35.67,4
0329-GTIAJ,1,1,77.44,2
8450-UYIBU,0,0,12.38,6
9732-OUYRN,0,0,1.52,9
7251-LJBQN,0,0,40.06,4
6723-WSNTY,0,0,18.18,6
8896-RAZCR,0,0,2.19,9
4501-EQDRN,1,1,83.33,1
7208-PSIHR,0,0,3.09,8
1925-TIBLE,1,1,92.41,1
3704-IEAXF,0,0,0.17,10
9626-WEQRM,0,0,37.52,4
4626-OZDTJ,0,0,2.48,9
2260-USTRB,1,1,91.52,1
1832-PEUTS,0,0,1.5,9
3649-JPUGY,0,0,5.57,7
4732-RRJZC,0,0,1.64,9
8040-MNRTF,0,1,84.72,1
7511-YMXVQ,1,1,67.67,2
9796-MVYXX,0,0,4.38,8
7993-NQLJE,0,0,11.58,6
5120-ZBLAI,0,0,7.64,7
3853-LYGAM,0,1,70.94,2
0883-EIBTI,1,0,36.06,4
2636-SJDOU,0,0,10.81,6
6419-ZTTLE,0,0,11.33,6
8597-CWYHH,0,0,27.21,5
3012-VFFMN,0,0,2.62,8
0397-GZBBC,1,1,79.63,2
5787-KXGIY,0,0,0.56,10
7576-JMYWV,0,0,0.68,10
6121-TNHBO,0,0,7.47,7
5656-MJEFC,0,0,0.45,10
6559-ILWKJ,1,0,15.41,6
7228-OMTPN,1,1,81.64,1
6916-HIJSE,0,0,4.45,8
0303-UNCIP,0,0,29.54,5
3908-MKIMJ,0,0,1.07,9
4429-WYGFR,0,0,18.92,5
8402-OOOHJ,0,0,0.98,9
9411-TPQQV,0,0,13.46,6
9970-QBCDA,0,0,17.67,6
2634-HCZGT,1,0,23.67,5
5240-CAOYT,0,0,25.28,5
0093-XWZFY,1,1,56.87,3
3278-FSIXX,0,1,61.24,3
2830-LEWOA,0,0,6.3,7
7802-EFKNY,1,1,80.87,1
3178-CIFOT,0,0,2.4,9
7225-IILWY,0,0,0.14,10
0027-KWYKW,0,0,35.43,4
5269-NRGDP,0,0,7.45,7
4193-IBKSW,0,0,2.07,9
6328-ZPBGN,1,1,94.63,1
9804-ICWBG,1,1,85.68,1
3178-FESZO,1,1,87.25,1
5876-HZVZM,1,0,25.78,5
9365-CSLBQ,0,0,1.15,9
5862-BRIXZ,0,0,3.77,8
8111-BKVDS,0,0,31.77,4
6341-AEVKX,0,0,9.74,7
2363-BJLSL,0,0,37.35,4
6432-TWQLB,1,1,85.96,1
7503-MIOGA,0,0,15.81,6
6844-DZKRF,0,0,40.49,4
4320-QMLLA,0,1,68.18,2
2565-JSLRY,1,1,59.27,3
6620-JDYNW,0,0,25.96,5
3261-CQXOL,0,0,1.59,9
1353-LJWEM,0,0,20.21,5
5186-PEIZU,0,0,12.01,6
2890-WFBHU,0,0,13.55,6
1349-WXNGG,1,0,43.72,4
7181-OQCUT,0,1,50.95,3
9112-WSNPU,0,1,68.19,2
3594-KADLU,0,0,44.53,4
6941-KXRRV,0,0,3.11,8
2207-RYYRL,0,0,0.25,10
9637-EIHEQ,1,1,67.01,2
1208-DNHLN,1,0,19.67,5
5989-AXPUC,0,0,39.27,4
2277-VWCNI,0,0,15.61,6
8663-UPDGF,0,0,40.43,4
6377-WHAOX,0,0,46.6,3
8017-LXHFA,1,1,71.3,2
0164-APGRB,0,0,13.12,6
0968-GSIKN,1,1,97.03,1
5274-XHAKY,0,0,4.26,8
9244-ZVAPM,0,0,36.42,4
6551-VLJMV,0,0,0.93,9
9317-WZPGV,1,1,89.24,1
4801-KFYKL,0,0,18.84,5
3039-MJSLN,0,0,20.5,5
5651-YLPRD,0,0,3.51,8
4102-OQUPX,1,1,97.78,1
4825-XJGDM,0,0,5.07,7
4750-UKWJK,0,0,15.07,6
6286-SUUWT,0,0,36.1,4
7562-UXTPG,0,0,48.49,3
8024-XNAFQ,0,0,7.3,7
0848-ZGQIJ,0,0,47.12,3
4338-EYCER,0,0,23.87,5
0506-LVNGN,1,1,87.44,1
5198-HQAEN,0,0,1.67,9
3753-TSEMP,1,1,79.98,1
2898-MRKPI,0,0,0.88,9
4567-AKPIA,0,0,7.01,7
9795-NREXC,0,0,2.12,9
3771-PZOBW,0,1,52.91,3
4020-KIUDI,0,0,1.12,9
1052-QJIBV,0,0,0.7,10
3079-BCHLN,0,0,10.23,6
6168-YBYNP,0,0,43.15,4
5346-BZCHP,0,0,1.0,9
8722-PRFDV,0,0,0.48,10
8873-GLDMH,0,1,64.77,2
1218-VKFPE,1,0,21.66,5
8263-JQAIK,1,1,67.24,2
2276-YDAVZ,1,1,69.79,2
1374-DMZUI,1,1,93.65,1
8672-OAUPW,0,0,4.86,8
8086-OVPWV,1,1,77.24,2
5982-FPVQN,0,0,27.43,5
8378-LKJAF,0,0,5.08,7
3417-TSCIC,0,0,7.74,7
6265-SXWBU,0,0,0.6,10
3834-XUIFC,1,1,71.32,2
4844-JJWUY,1,1,94.09,1
6837-BJYDQ,0,0,6.74,7
3675-YDUPJ,0,0,11.86,6
3472-QPRCH,0,0,0.17,10
6096-EGVTU,0,0,0.33,10
8029-XYPWT,0,0,23.69,5
9190-MFJLN,1,1,76.78,2
3174-RKMOW,0,0,4.41,8
3230-IUALN,0,0,1.32,9
1703-MGIAB,0,0,46.26,3
1217-VASWC,0,0,6.13,7
2969-QWUBZ,0,1,69.36,2
7872-BAAZR,0,0,0.17,10
0531-XBKMM,0,0,0.76,10
4504-YOULA,0,0,12.3,6
2522-WLNSF,0,0,15.25,6
0927-LCSMG,1,1,76.59,2
6394-HHHZM,0,0,23.61,5
7130-CTCUS,0,0,2.04,9
8058-INTPH,1,1,87.91,1
0947-MUGVO,1,1,92.0,1
5056-FIMPT,0,0,22.66,5
3345-JHUEO,0,0,23.42,5
0787-LHDYT,0,0,11.68,6
4334-HOWRP,0,0,7.71,7
7742-MYPGI,0,0,14.67,6
5248-RPYWW,0,0,2.51,8
5087-SUURX,1,1,77.49,2
0244-LGNFY,0,0,17.78,6
5914-XRFQB,0,0,40.76,4
2187-PKZAY,0,1,65.65,2
8627-EHGIP,1,0,16.86,6
3761-FLYZI,0,0,8.62,7
7968-QUXNS,0,0,29.41,5
6122-EFVKN,0,0,4.53,8
7508-MYBOG,1,1,91.0,1
2080-CAZNM,0,1,82.48,1
3798-EPWRR,0,1,78.0,2
2472-OVKUP,1,0,20.98,5
3717-FDJFU,0,0,2.74,8
5197-YPYBZ,0,0,0.59,10
0214-JHPFW,0,0,2.79,8
2538-OIMXF,0,0,43.41,4
0963-ZBDRN,1,1,60.21,3
0221-WMXNQ,0,0,24.61,5
4118-CEVPF,0,1,55.48,3
8969-PRHFK,0,0,5.61,7
9565-DJPIB,1,1,69.98,2
8849-AYPTR,0,1,79.32,2
7615-ESMYF,1,1,84.71,1
6681-ZSEXG,0,0,1.87,9
2397-BRLOM,1,1,74.57,2
9710-ZUSHQ,1,1,68.1,2
2987-BJXIK,0,0,3.88,8
7931-PXHFC,1,0,12.48,6
4951-UKAAQ,1,1,67.34,2
1066-JKSGK,1,0,28.72,5
9093-FPDLG,0,1,57.84,3
1324-NLTJE,1,1,53.19,3
2720-FVBQP,0,1,71.54,2
7564-GHCVB,0,0,2.24,9
4895-TMWIR,1,1,56.34,3
3719-TDVQB,0,0,2.54,8
7753-USQYQ,0,0,14.9,6
5619-PTMIK,0,0,36.89,4
1535-VTJOQ,0,0,2.04,9
7173-TETGO,0,0,3.73,8
8198-RKSZG,0,0,2.49,8
9585-KKMFD,0,0,0.28,10
8584-KMVXD,0,1,60.95,3
0623-GDISB,0,1,60.17,3
7521-YXVZY,0,0,31.12,4
6211-WHMYA,0,1,51.79,3
8788-DOXSU,0,0,10.07,7
0913-XWSCN,0,0,29.77,5
4923-ADWXJ,0,0,30.23,4
3898-GUYTS,0,0,8.75,7
4250-WAROZ,0,0,3.76,8
1222-KJNZD,0,0,10.33,6
9896-UYMIE,0,0,37.79,4
7244-KXYZN,0,0,3.44,8
2322-VCZHZ,0,1,53.64,3
4441-NIHPT,1,1,77.48,2
1965-AKTSX,1,1,85.46,1
6119-SPUDB,0,0,1.04,9
9039-ZVJDC,0,0,19.76,5
2722-VOJQL,1,0,25.63,5
6180-YBIQI,0,0,38.62,4
6849-OYAMU,1,0,48.51,3
8593-WHYHV,1,1,86.64,1
9210-IAHGH,1,0,44.37,4
3486-KHMLI,0,0,8.58,7
9763-PDTKK,1,1,64.99,2
9571-EDEBV,0,0,4.87,8
6371-NZYEG,0,0,0.5,10
8111-SLLHI,1,1,91.51,1
1136-XGEQU,0,0,2.8,8
3886-CERTZ,1,0,44.08,4
2860-RANUS,1,1,77.5,2
4636-OLWOE,0,0,3.11,8
0587-DMGBH,1,0,36.23,4
2805-AUFQN,0,0,2.9,8
2386-OWURY,0,0,40.68,4
4456-RHSNB,0,0,21.1,5
8034-RYTVV,0,0,9.79,7
5843-TTHGI,0,0,28.62,5
7369-TRPFD,0,0,2.08,9
8080-DDEMJ,1,1,80.59,1
5215-LNLDJ,0,0,28.68,5
6513-EECDB,1,1,95.34,1
